company_name,website_text_snippet,industry,employees,location,,ai_readiness_score,ai_readiness_level,identified_categories,matched_keywords,ai_readiness_score,ai_readiness_level,identified_categories,matched_keywords
Innovate AI Solutions,We specialize in artificial intelligence and machine learning platforms for enterprise clients. Our core focus is on data analytics and predictive modeling to streamline operations and enhance decision-making.,Technology,50-200,San Francisco,[' CA'],26,High AI Potential,General,"streamline operations, machine learning, artificial intelligence",26,High AI Potential,General,"streamline operations, machine learning, artificial intelligence"
Global Logistics Co.,Leading provider of supply chain management and warehousing services. We aim for operational efficiency through smart automation.,Logistics,500-1000,Chicago,[' IL'],6,Low AI Potential (Needs Nurturing),Logistics,"operational efficiency, warehousing",6,Low AI Potential (Needs Nurturing),Logistics,"operational efficiency, warehousing"
Creative Marketing Agency,Digital marketing and brand strategy firm. We help businesses improve customer experience and online presence.,Marketing,10-50,New York,[' NY'],0,No Clear AI Link,General,None,0,No Clear AI Link,General,None
Phoenix Healthcare Systems,Developing cutting-edge healthcare technology, including AI-powered diagnostics and patient management software.,Healthcare,200-500,"['Boston', ' MA']",0,No Clear AI Link,"Technology, Healthcare","software, diagnostics",0,No Clear AI Link,"Technology, Healthcare","software, diagnostics"
Traditional Manufacturing Inc.,Manufacture of industrial components. Seeking ways to reduce costs and optimize production lines.,Manufacturing,100-250,Detroit,[' MI'],0,No Clear AI Link,General,None,0,No Clear AI Link,General,None
DataSense Analytics,Provider of big data analytics and cloud computing solutions. Empowering businesses with actionable insights.,Technology,50-150,Austin,[' TX'],4,Low AI Potential (Needs Nurturing),General,cloud computing,4,Low AI Potential (Needs Nurturing),General,cloud computing
Local Restaurant Group,Operates a chain of diners focused on customer satisfaction and community engagement.,Food Service,1-10,Smalltown,[' USA'],0,No Clear AI Link,General,None,0,No Clear AI Link,General,None
Future Fintech Corp.,Revolutionizing financial services with machine learning algorithms for fraud detection and investment analysis.,Finance,100-300,London,[' UK'],10,Medium AI Potential,Finance,"investment, machine learning",10,Medium AI Potential,Finance,"investment, machine learning"
Sustainable Energy Co.,Developing renewable energy solutions. Focused on green technology and energy efficiency.,Energy,50-100,Denver,[' CO'],0,No Clear AI Link,General,None,0,No Clear AI Link,General,None
Manual Processes LLC,Small business struggling with manual data entry and inefficient workflows. Looking for automation solutions.,Consulting,1-5,Anytown,[' USA'],14,Medium AI Potential,General,"inefficient workflows, data entry",14,Medium AI Potential,General,"inefficient workflows, data entry"
