company_name,website_text_snippet,industry,employees,location,website_url
Innovate AI Solutions,"We specialize in artificial intelligence and machine learning platforms for enterprise clients. Our core focus is on data analytics and predictive modeling to streamline operations and enhance decision-making.",Technology,50-200,"San Francisco, CA",https://www.ibm.com/
Global Logistics Co.,"Leading provider of supply chain management and warehousing services. We aim for operational efficiency through smart automation.",Logistics,500-1000,"Chicago, IL",https://www.fedex.com/
Creative Marketing Agency,"Digital marketing and brand strategy firm. We help businesses improve customer experience and online presence.",Marketing,10-50,"New York, NY",https://www.ogilvy.com/
Phoenix Healthcare Systems,"Developing cutting-edge healthcare technology, including AI-powered diagnostics and patient management software.",Healthcare,200-500,"Boston, MA",https://www.gehealthcare.com/
Traditional Manufacturing Inc.,"Manufacture of industrial components. Seeking ways to reduce costs and optimize production lines.",Manufacturing,100-250,"Detroit, MI",https://www.toyota.com/
DataSense Analytics,"Provider of big data analytics and cloud computing solutions. Empowering businesses with actionable insights.",Technology,50-150,"Austin, TX",https://www.tableau.com/
Local Restaurant Group,"Operates a chain of diners focused on customer satisfaction and community engagement.",Food Service,1-10,"Smalltown, USA",https://www.mcdonalds.com/
Future Fintech Corp.,"Revolutionizing financial services with machine learning algorithms for fraud detection and investment analysis.",Finance,100-300,"London, UK",https://www.paypal.com/
Sustainable Energy Co.,"Developing renewable energy solutions. Focused on green technology and energy efficiency.",Energy,50-100,"Denver, CO",https://www.nexteraenergy.com/
Manual Processes LLC,"Small business struggling with manual data entry and inefficient workflows. Looking for automation solutions.",Consulting,1-5,"Anytown, USA",https://www.acme.com/ 